,FirstName,MI,LastName,Email,Password,SSN,Address,ZipCode,Phone,Birthday,State,City,EmpID
0,Todd,L,Jacobs,jacobs@bevosbooks.com,tj2245,222222222,48764 Howard Forge Apt. 421,19763,8176663948,1978-01-29 00:00:00,PA,Vanessaside,10001
1,Eryn,M,Rice,rice@bevosbooks.com,ricearoni,111111111,15781 Hamilton Ridge Apt. 877,12726,2148545987,2003-06-11 00:00:00,AL,Bryanside,10002
2,John,R,Ingram,ingram@bevosbooks.com,ingram68,545454545,097 Sanchez Islands Apt. 393,59217,5127049017,1980-06-25 00:00:00,ND,Port Tammy,10003
3,Paul,G,Martinez,martinez@bevosbooks.com,party1,574677829,58714 Mann Plaza,72227,2105859369,1969-06-25 00:00:00,PA,Lisaside,10004
4,Jared,F,Tanner,tanner@bevosbooks.com,sandman,888887878,1965 Kelly Field Apt. 094,05565,5129527803,1979-06-02 00:00:00,FL,Jonesberg,10005
5,Lauren,R,Chung,chung@bevosbooks.com,listen,333333333,868 Boyd Freeway,36573,2107053952,1976-03-24 00:00:00,OR,Lake Brittany,10006
6,Wandavison,T,Loter,loter@bevosbooks.com,pottery,555555555,5159 Tom Roads Suite 330,22846,5124650249,1966-09-23 00:00:00,WY,Davebury,10007
7,Heather,R,Morales,morales@bevosbooks.com,heckin,898989898,0123 Lisa Roads Apt. 013,03336,8177529019,1971-01-16 00:00:00,PA,South Christopherville,10008
8,Martin,P,Rankin,rankin@bevosbooks.com,rankmark,999888777,17300 Oliver Village,46414,5122997370,1961-05-16 00:00:00,ME,Chadland,10009
9,Garth,R,Gonzalez,gonzalez@bevosbooks.com,gg2017,499551454,08709 Holly Lock Apt. 457,89132,2142415970,1993-12-10 00:00:00,AR,Lake Emily,10010
